agreement_score,Total,Correct,Accuracy
0.0,2,0,0.0
0.3333333333333333,4,0,0.0
0.6666666666666666,24,24,100.0
1.0,27,27,100.0
