country_type,Total,Accuracy,Agreement,Average_Match
Developed,34,94.11764705882352,0.7941176470588235,2.3823529411764706
Developing,23,82.6086956521739,0.753623188405797,2.260869565217391
