Country,Total_Elections,Correct,Accuracy,Average_Agreement
Brazil,9,8,88.88888888888889,0.7777777777777778
Indonesia,5,4,80.0,0.7333333333333333
Portugal,10,10,100.0,0.9
South Korea,8,7,87.5,0.7083333333333333
Sri Lanka,9,7,77.77777777777779,0.7407407407407407
United States,16,15,93.75,0.7708333333333333
